Adriel-Ikea-Pennut,2017-02-11T16:30:26+00:00,http://kulkurit.fi/wp-content/uploads/2016/09/Adriel1-–-Kopio.jpg,http://kulkurit.fi/adriel-ikea-pennut/
Balu,2017-02-10T21:22:35+00:00,http://kulkurit.fi/wp-content/uploads/2016/09/balu-700x700.jpg,http://kulkurit.fi/balu/
Fanec,2017-02-10T20:20:47+00:00,http://kulkurit.fi/wp-content/uploads/2017/02/fanec22.jpg,http://kulkurit.fi/fanec/
Ivan,2017-02-10T15:38:41+00:00,http://kulkurit.fi/wp-content/uploads/2017/02/prof-1.jpg,http://kulkurit.fi/ivan/
Eemil,2017-02-09T22:34:21+00:00,http://kulkurit.fi/wp-content/uploads/2016/07/eemil.jpg,http://kulkurit.fi/eemil/
Eevert,2017-02-09T22:31:08+00:00,http://kulkurit.fi/wp-content/uploads/2016/07/eevert.jpg,http://kulkurit.fi/eevert/
Elma,2017-02-09T22:26:04+00:00,http://kulkurit.fi/wp-content/uploads/2016/07/elma.jpg,http://kulkurit.fi/elma/
Elli,2017-02-09T22:23:20+00:00,http://kulkurit.fi/wp-content/uploads/2016/07/elli.jpg,http://kulkurit.fi/elli/
Yalan,2017-02-09T19:45:22+00:00,http://kulkurit.fi/wp-content/uploads/2017/02/Yalle1-–-Kopio.jpg,http://kulkurit.fi/yalan/
Fana,2017-02-09T16:15:56+00:00,http://kulkurit.fi/wp-content/uploads/2017/02/fana.jpg,http://kulkurit.fi/fana/
Florina,2017-02-09T15:57:02+00:00,http://kulkurit.fi/wp-content/uploads/2017/02/IMG_9273-–-kopio.jpg,http://kulkurit.fi/florina/
Zea,2017-02-08T23:49:31+00:00,http://kulkurit.fi/wp-content/uploads/2016/11/zea3.png,http://kulkurit.fi/zea/
Milou,2017-02-08T20:35:25+00:00,http://kulkurit.fi/wp-content/uploads/2016/11/milou.jpg,http://kulkurit.fi/milou/
Arren,2017-02-08T20:31:41+00:00,http://kulkurit.fi/wp-content/uploads/2016/05/arren2.jpg,http://kulkurit.fi/arren/
Odele,2017-02-08T20:09:10+00:00,http://kulkurit.fi/wp-content/uploads/2017/02/odele.jpg,http://kulkurit.fi/odele/
Noona,2017-02-08T19:43:50+00:00,http://kulkurit.fi/wp-content/uploads/2017/02/noona.jpg,http://kulkurit.fi/noona/
Adelita-Ikea-Pennut,2017-02-07T23:27:33+00:00,http://kulkurit.fi/wp-content/uploads/2016/11/ADELITA-2016.jpg,http://kulkurit.fi/adelita-ikea-pennut/
Luca,2017-02-07T21:25:41+00:00,http://kulkurit.fi/wp-content/uploads/2016/09/12-700x700.png,http://kulkurit.fi/luca/
Emmy,2017-02-07T20:55:31+00:00,http://kulkurit.fi/wp-content/uploads/2016/10/emmy-1-697x700.jpg,http://kulkurit.fi/emmy/
Marnie,2017-02-07T19:33:46+00:00,http://kulkurit.fi/wp-content/uploads/2017/01/marnie.jpg,http://kulkurit.fi/marnie/
Milton,2017-02-07T18:37:07+00:00,http://kulkurit.fi/wp-content/uploads/2017/02/milton_prof-700x700.png,http://kulkurit.fi/milton/
Big-Mouth,2017-02-07T18:11:37+00:00,http://kulkurit.fi/wp-content/uploads/2017/02/big-mouth-prof.jpg,http://kulkurit.fi/big-mouth/
Rommi,2017-02-07T15:25:05+00:00,http://kulkurit.fi/wp-content/uploads/2017/02/kuva00.jpg,http://kulkurit.fi/rommi/
Romana,2017-02-07T13:10:10+00:00,http://kulkurit.fi/wp-content/uploads/2017/02/Näyttökuva-2017-02-07-kello-11.30.27-700x700.png,http://kulkurit.fi/romana/
Truman,2017-02-06T22:48:18+00:00,http://kulkurit.fi/wp-content/uploads/2017/02/truman_prof-700x700.jpg,http://kulkurit.fi/truman/
Ellana,2017-02-06T22:06:51+00:00,http://kulkurit.fi/wp-content/uploads/2015/11/DSC_0653-e1458923555625.jpg,http://kulkurit.fi/ellana/
Elektro,2017-02-06T19:36:39+00:00,http://kulkurit.fi/wp-content/uploads/2016/10/e8.png,http://kulkurit.fi/elektro/
Brundo,2017-02-06T19:15:38+00:00,http://kulkurit.fi/wp-content/uploads/2016/11/brundo.jpg,http://kulkurit.fi/brundo/
Maryam,2017-02-06T17:41:25+00:00,http://kulkurit.fi/wp-content/uploads/2016/11/admin-ajax-maryam-j.jpg,http://kulkurit.fi/maryam/
Maire,2017-02-06T11:50:32+00:00,http://kulkurit.fi/wp-content/uploads/2017/02/Näyttökuva-2017-02-06-kello-11.52.50-700x700.png,http://kulkurit.fi/maire/
Pixi,2017-02-06T10:23:09+00:00,http://kulkurit.fi/wp-content/uploads/2017/01/pixi.jpg,http://kulkurit.fi/pixi/
Marius,2017-02-06T00:21:02+00:00,http://kulkurit.fi/wp-content/uploads/2017/01/marius3.png,http://kulkurit.fi/marius/
Karkki,2017-02-05T18:02:32+00:00,http://kulkurit.fi/wp-content/uploads/2017/01/karkkiprof-700x700.png,http://kulkurit.fi/karkki/
Faith,2017-02-05T17:36:45+00:00,http://kulkurit.fi/wp-content/uploads/2017/01/f1.png,http://kulkurit.fi/faith/
Soma,2017-02-05T17:24:57+00:00,http://kulkurit.fi/wp-content/uploads/2016/09/19-700x700.png,http://kulkurit.fi/soma/
Novana,2017-02-05T09:03:27+00:00,http://kulkurit.fi/wp-content/uploads/2017/02/novana-1_prof.jpg,http://kulkurit.fi/novana/
Rasta,2017-02-05T04:24:34+00:00,http://kulkurit.fi/wp-content/uploads/2016/12/rasta.png,http://kulkurit.fi/rasta/
Anne,2017-02-05T00:45:15+00:00,http://kulkurit.fi/wp-content/uploads/2017/02/anne00.jpg,http://kulkurit.fi/anne/
Luppe,2017-02-05T00:44:53+00:00,http://kulkurit.fi/wp-content/uploads/2017/01/luppe-700x700.png,http://kulkurit.fi/luppe/
Elvin,2017-02-05T00:33:35+00:00,http://kulkurit.fi/wp-content/uploads/2016/11/elvin5.png,http://kulkurit.fi/elvin/
Zelda,2017-02-05T00:24:07+00:00,http://kulkurit.fi/wp-content/uploads/2016/11/zelda.png,http://kulkurit.fi/zelda/
Onneli,2017-02-05T00:23:30+00:00,http://kulkurit.fi/wp-content/uploads/2017/02/lala00.jpg,http://kulkurit.fi/onneli/
Adiiva,2017-02-04T18:43:54+00:00,http://kulkurit.fi/wp-content/uploads/2016/09/a2-e1475486229595.jpg,http://kulkurit.fi/adiiva/
Klara,2017-02-04T03:15:04+00:00,http://kulkurit.fi/wp-content/uploads/2016/12/klara.png,http://kulkurit.fi/klara/
Negrila,2017-02-04T03:04:29+00:00,http://kulkurit.fi/wp-content/uploads/2016/12/negrila.png,http://kulkurit.fi/negrila/
Aleksia,2017-02-04T02:12:02+00:00,http://kulkurit.fi/wp-content/uploads/2016/10/aleksia5.png,http://kulkurit.fi/aleksia/
Max-Boy,2017-02-03T20:10:30+00:00,http://kulkurit.fi/wp-content/uploads/2016/04/Max-10-700x700.jpg,http://kulkurit.fi/max-boy/
Mr-Buddy,2017-02-03T19:00:56+00:00,http://kulkurit.fi/wp-content/uploads/2016/08/b5-1-e1472634047895-700x700.jpg,http://kulkurit.fi/mr-buddy/
Deili,2017-02-03T16:31:10+00:00,http://kulkurit.fi/wp-content/uploads/2016/07/sasha15-700x700.jpg,http://kulkurit.fi/deili/
Neroe,2017-02-03T15:09:18+00:00,http://kulkurit.fi/wp-content/uploads/2016/06/prof.jpg,http://kulkurit.fi/neroe/
Soru,2017-02-03T14:40:40+00:00,http://kulkurit.fi/wp-content/uploads/2017/02/veera1-–-kopio.jpg,http://kulkurit.fi/soru/
Amandina,2017-02-03T14:00:57+00:00,http://kulkurit.fi/wp-content/uploads/2017/02/Näyttökuva-2017-02-03-kello-13.57.09-700x700.png,http://kulkurit.fi/amandina/
Timca,2017-02-03T13:39:57+00:00,http://kulkurit.fi/wp-content/uploads/2016/10/DSC_0629.jpg,http://kulkurit.fi/timca/
Terica,2017-02-03T12:17:10+00:00,http://kulkurit.fi/wp-content/uploads/2017/02/prof.jpg,http://kulkurit.fi/terica/
Beky,2017-02-03T01:41:00+00:00,http://kulkurit.fi/wp-content/uploads/2016/11/beky00.jpg,http://kulkurit.fi/beky/
Gary-Garage-Pennut,2017-02-02T23:59:18+00:00,http://kulkurit.fi/wp-content/uploads/2016/08/Gary3-–-Kopio.jpg,http://kulkurit.fi/gary-garage-pennut/
Arska,2017-02-02T23:13:21+00:00,http://kulkurit.fi/wp-content/uploads/2016/10/a11.png,http://kulkurit.fi/arska/
Isabel,2017-02-02T15:01:21+00:00,http://kulkurit.fi/wp-content/uploads/2016/11/isabel-8prof.jpg,http://kulkurit.fi/isabel/
Baltazar,2017-02-02T10:33:32+00:00,http://kulkurit.fi/wp-content/uploads/2016/04/baltazar.png,http://kulkurit.fi/baltazar/
Flor,2017-02-01T23:52:01+00:00,http://kulkurit.fi/wp-content/uploads/2017/02/uus-proffa.jpg,http://kulkurit.fi/flor/
Marie,2017-02-01T22:43:47+00:00,http://kulkurit.fi/wp-content/uploads/2016/08/Profiili.jpg,http://kulkurit.fi/marie/
Little-Cody,2017-02-01T22:43:39+00:00,http://kulkurit.fi/wp-content/uploads/2016/01/cody.png,http://kulkurit.fi/little-cody/
Bless,2017-02-01T12:40:33+00:00,http://kulkurit.fi/wp-content/uploads/2016/11/bless-e1484215181187.jpg,http://kulkurit.fi/bless/
Shaka,2017-01-31T18:47:35+00:00,http://kulkurit.fi/wp-content/uploads/2017/01/shaka_prof.jpg,http://kulkurit.fi/shaka/
Freedy,2017-01-31T17:11:09+00:00,http://kulkurit.fi/wp-content/uploads/2016/06/freedy1.jpg,http://kulkurit.fi/freedy/
Chain,2017-01-31T13:40:07+00:00,http://kulkurit.fi/wp-content/uploads/2017/01/chainprof_uusi-700x700.jpg,http://kulkurit.fi/chain/
Puffyman,2017-01-30T21:17:38+00:00,http://kulkurit.fi/wp-content/uploads/2017/01/pufi000.jpg,http://kulkurit.fi/puffyman/
Eppu,2017-01-30T11:03:25+00:00,http://kulkurit.fi/wp-content/uploads/2016/08/eppu.jpg,http://kulkurit.fi/eppu/
Lordi,2017-01-29T11:53:15+00:00,http://kulkurit.fi/wp-content/uploads/2016/12/uusi-proffa.jpg,http://kulkurit.fi/lordi/
Diaz,2017-01-28T18:40:49+00:00,http://kulkurit.fi/wp-content/uploads/2017/01/kuva00.jpg,http://kulkurit.fi/diaz/
Bidam,2017-01-28T13:15:52+00:00,http://kulkurit.fi/wp-content/uploads/2017/01/Bidam-2.jpg,http://kulkurit.fi/bidam/
Mrs-Nana,2017-01-26T10:00:40+00:00,http://kulkurit.fi/wp-content/uploads/2017/01/nana-1-e1485417214856-700x700.jpg,http://kulkurit.fi/mrs-nana/
Meici,2017-01-24T21:59:28+00:00,http://kulkurit.fi/wp-content/uploads/2016/11/uusi-proffa.jpg,http://kulkurit.fi/meici/
Nele,2017-01-22T01:24:20+00:00,http://kulkurit.fi/wp-content/uploads/2017/01/proffa-2.jpg,http://kulkurit.fi/nele/
Corradina-Cow-Team,2017-01-18T11:56:07+00:00,http://kulkurit.fi/wp-content/uploads/2016/11/3_6-–-kopio.jpg,http://kulkurit.fi/corradina-cow-team/
Casimir,2017-01-18T11:48:50+00:00,http://kulkurit.fi/wp-content/uploads/2016/11/1_3_1.jpg,http://kulkurit.fi/casimir/
Elliot,2017-01-17T17:45:43+00:00,http://kulkurit.fi/wp-content/uploads/2017/01/elliotnaama.jpg,http://kulkurit.fi/elliot/
Ayo,2017-01-17T16:30:03+00:00,http://kulkurit.fi/wp-content/uploads/2016/12/AYOprofiili.jpg,http://kulkurit.fi/ayo/
Luzi,2017-01-16T23:27:37+00:00,http://kulkurit.fi/wp-content/uploads/2016/10/Luzin-profiili-1.jpg,http://kulkurit.fi/luzi/
Avery,2017-01-16T23:17:13+00:00,http://kulkurit.fi/wp-content/uploads/2016/11/avery00.jpg,http://kulkurit.fi/avery/
Billie-Jean,2017-01-16T23:00:32+00:00,http://kulkurit.fi/wp-content/uploads/2016/04/Billie-Jean7-–-kopio.jpe,http://kulkurit.fi/billie-jean/
Majesty,2017-01-16T21:36:05+00:00,http://kulkurit.fi/wp-content/uploads/2016/10/1044-majesty-662x700.jpg,http://kulkurit.fi/majesty/
Winona,2017-01-16T13:58:29+00:00,http://kulkurit.fi/wp-content/uploads/2017/01/winona-.jpg,http://kulkurit.fi/winona/
Dara,2017-01-15T18:51:13+00:00,http://kulkurit.fi/wp-content/uploads/2016/11/dara_prof.jpg,http://kulkurit.fi/dara/
Whitey,2017-01-15T17:06:31+00:00,http://kulkurit.fi/wp-content/uploads/2016/10/whitey.jpg,http://kulkurit.fi/whitey/
Mahera,2017-01-15T10:07:35+00:00,http://kulkurit.fi/wp-content/uploads/2016/12/MAHERA-artikkeli.jpg,http://kulkurit.fi/mahera/
Malik,2017-01-15T10:05:27+00:00,http://kulkurit.fi/wp-content/uploads/2016/12/MALIK-artikkeli.jpg,http://kulkurit.fi/malik/
Onyx,2017-01-12T20:58:30+00:00,http://kulkurit.fi/wp-content/uploads/2016/12/onyxprof.png,http://kulkurit.fi/onyx/
Ebony,2017-01-12T20:55:16+00:00,http://kulkurit.fi/wp-content/uploads/2016/12/ebonyprof.png,http://kulkurit.fi/ebony/
Luluta,2017-01-12T20:52:28+00:00,http://kulkurit.fi/wp-content/uploads/2016/12/lulutaprof.jpg,http://kulkurit.fi/luluta/
Salama,2017-01-12T20:48:47+00:00,http://kulkurit.fi/wp-content/uploads/2016/09/salama.png,http://kulkurit.fi/salama/
Gently,2017-01-10T18:53:04+00:00,http://kulkurit.fi/wp-content/uploads/2016/09/Neli-autossa-–-Kopio.jpg,http://kulkurit.fi/gently/
Doraem,2017-01-10T14:45:15+00:00,http://kulkurit.fi/wp-content/uploads/2016/11/Doraem-–-Kopio.jpg,http://kulkurit.fi/doraem/
Aither,2017-01-09T20:20:20+00:00,http://kulkurit.fi/wp-content/uploads/2016/07/Aither6-–-Kopio.jpg,http://kulkurit.fi/aither/
Lady,2017-01-08T22:00:11+00:00,http://kulkurit.fi/wp-content/uploads/2016/01/lady8.jpg,http://kulkurit.fi/lady/
Kobe,2017-01-06T00:22:56+00:00,http://kulkurit.fi/wp-content/uploads/2017/01/profiili-1.jpg,http://kulkurit.fi/kobe/
Kayak,2017-01-06T00:03:06+00:00,http://kulkurit.fi/wp-content/uploads/2017/01/profiili.jpg,http://kulkurit.fi/kayak/
Ziggy,2017-01-05T00:20:56+00:00,http://kulkurit.fi/wp-content/uploads/2015/08/MG_3242-–-Kopio.jpg,http://kulkurit.fi/ziggy/
Gatsby,2017-01-04T23:55:12+00:00,http://kulkurit.fi/wp-content/uploads/2017/01/gatsby.jpg,http://kulkurit.fi/gatsby/
Lady-Ursula,2017-01-04T18:08:49+00:00,http://kulkurit.fi/wp-content/uploads/2016/11/kuva0.jpg,http://kulkurit.fi/lady-ursula/
Kuwe,2017-01-04T16:28:03+00:00,http://kulkurit.fi/wp-content/uploads/2016/07/kai12-700x700.jpg,http://kulkurit.fi/kuwe/
Rexi,2017-01-02T12:49:37+00:00,http://kulkurit.fi/wp-content/uploads/2016/06/rexi2.jpg,http://kulkurit.fi/rexi/
Tilia,2017-01-02T12:40:43+00:00,http://kulkurit.fi/wp-content/uploads/2017/01/tilia.jpg,http://kulkurit.fi/tilia/
Tilda,2017-01-02T12:30:22+00:00,http://kulkurit.fi/wp-content/uploads/2017/01/tilda.jpg,http://kulkurit.fi/tilda/
Texas,2017-01-02T12:19:16+00:00,http://kulkurit.fi/wp-content/uploads/2017/01/texas.jpg,http://kulkurit.fi/texas/
Barosa,2017-01-01T21:35:54+00:00,http://kulkurit.fi/wp-content/uploads/2016/07/DSC_0384-–-Kopio.jpg,http://kulkurit.fi/barosa/
Ted,2016-12-30T20:19:48+00:00,http://kulkurit.fi/wp-content/uploads/2015/11/Ted-marraskuussa-2-e1448830871300.jpg,http://kulkurit.fi/ted/
Siobhan,2016-12-30T19:40:40+00:00,http://kulkurit.fi/wp-content/uploads/2016/06/Siobhan2-–-kopio.jpg,http://kulkurit.fi/siobhan/
Marcela,2016-12-27T16:15:11+00:00,http://kulkurit.fi/wp-content/uploads/2016/08/Marcela10-–-Kopio.jpg,http://kulkurit.fi/marcela/
Texa,2016-12-27T16:00:13+00:00,http://kulkurit.fi/wp-content/uploads/2015/12/Texatou4-–-Kopio.jpg,http://kulkurit.fi/texa/
Minimax-M-Team,2016-12-27T15:30:05+00:00,http://kulkurit.fi/wp-content/uploads/2016/07/Minimax2-–-kopio.jpg,http://kulkurit.fi/minimax-m-team/
Felice-Sofica-Speranta,2016-12-27T15:17:24+00:00,http://kulkurit.fi/wp-content/uploads/2016/04/Felice-Sofica10-–-Kopio.jpg,http://kulkurit.fi/felice-sofica-speranta/
Carla-Sofica-Speranta,2016-12-27T15:10:30+00:00,http://kulkurit.fi/wp-content/uploads/2016/04/Carla2-–-kopio.jpg,http://kulkurit.fi/carla-sofica-speranta/
Sisko,2016-12-27T13:52:55+00:00,http://kulkurit.fi/wp-content/uploads/2016/09/siskoprof.jpg,http://kulkurit.fi/sisko/
Laia,2016-12-21T00:28:39+00:00,http://kulkurit.fi/wp-content/uploads/2016/12/laia.jpg,http://kulkurit.fi/laia/
Lani,2016-12-21T00:22:33+00:00,http://kulkurit.fi/wp-content/uploads/2016/12/lani.jpg,http://kulkurit.fi/lani/
Lilith,2016-12-21T00:10:09+00:00,http://kulkurit.fi/wp-content/uploads/2016/12/lilith.jpg,http://kulkurit.fi/lilith/
Lilo,2016-12-20T23:58:05+00:00,http://kulkurit.fi/wp-content/uploads/2016/12/lilo.jpg,http://kulkurit.fi/lilo/
Linzi,2016-12-20T23:40:16+00:00,http://kulkurit.fi/wp-content/uploads/2016/12/linzi.jpg,http://kulkurit.fi/linzi/
Taylor,2016-12-20T12:40:57+00:00,http://kulkurit.fi/wp-content/uploads/2016/11/13729061_10153990843484682_2084674712165254334_n.jpg,http://kulkurit.fi/taylor/
Mellon,2016-12-20T11:22:20+00:00,http://kulkurit.fi/wp-content/uploads/2016/04/mellon.jpg,http://kulkurit.fi/mellon/
Yang,2016-12-16T10:54:38+00:00,http://kulkurit.fi/wp-content/uploads/2016/01/yang00-700x700.jpg,http://kulkurit.fi/yang/
Marcel,2016-12-15T20:30:26+00:00,http://kulkurit.fi/wp-content/uploads/2016/12/Marcel2-–-Kopio.jpg,http://kulkurit.fi/marcel/
Lilian,2016-12-14T22:40:06+00:00,http://kulkurit.fi/wp-content/uploads/2016/03/DSC_0865-e1459443382370.jpg,http://kulkurit.fi/lilian/
Sofi,2016-12-13T01:52:18+00:00,http://kulkurit.fi/wp-content/uploads/2016/10/sofi00.jpg,http://kulkurit.fi/sofi/
Achille,2016-12-12T18:15:03+00:00,http://kulkurit.fi/wp-content/uploads/2016/10/Achille2-–-Kopio.jpg,http://kulkurit.fi/achille/
Odea,2016-12-10T13:25:23+00:00,http://kulkurit.fi/wp-content/uploads/2016/07/odea_15.jpg,http://kulkurit.fi/odea/
Marinica,2016-12-06T22:38:58+00:00,http://kulkurit.fi/wp-content/uploads/2016/08/profiili-9.jpg,http://kulkurit.fi/marinica/
Tigre,2016-12-06T19:00:42+00:00,http://kulkurit.fi/wp-content/uploads/2016/03/MG_2930-e1458628765707-700x700.jpg,http://kulkurit.fi/tigre/
Chili,2016-12-06T18:00:04+00:00,http://kulkurit.fi/wp-content/uploads/2016/08/MG_8323-e1481044399812-681x700.jpg,http://kulkurit.fi/chili/
Cinna,2016-12-06T12:13:36+00:00,http://kulkurit.fi/wp-content/uploads/2016/12/cinna.jpg,http://kulkurit.fi/cinna/
Bali,2016-12-06T12:06:20+00:00,http://kulkurit.fi/wp-content/uploads/2016/12/bali.jpg,http://kulkurit.fi/bali/
Sally,2016-12-03T22:56:59+00:00,http://kulkurit.fi/wp-content/uploads/2016/10/sally2.jpg,http://kulkurit.fi/sally/
Norocell,2016-12-03T22:46:35+00:00,http://kulkurit.fi/wp-content/uploads/2016/09/norocell-700x700.jpg,http://kulkurit.fi/norocell/
Duffy,2016-12-03T22:39:40+00:00,http://kulkurit.fi/wp-content/uploads/2016/05/duffy1.jpg,http://kulkurit.fi/duffy/
Rebe,2016-12-03T22:19:48+00:00,http://kulkurit.fi/wp-content/uploads/2016/12/Rebeart.png,http://kulkurit.fi/rebe/
Brida,2016-12-03T21:57:07+00:00,http://kulkurit.fi/wp-content/uploads/2016/12/bridaart.jpg,http://kulkurit.fi/brida/
Ramonna,2016-12-03T09:33:52+00:00,http://kulkurit.fi/wp-content/uploads/2016/12/ramonna.jpg,http://kulkurit.fi/ramonna/
Reno,2016-12-03T09:30:01+00:00,http://kulkurit.fi/wp-content/uploads/2016/07/reno.jpg,http://kulkurit.fi/reno/
Rubie,2016-12-03T09:28:09+00:00,http://kulkurit.fi/wp-content/uploads/2016/06/rubiee.jpg,http://kulkurit.fi/rubie/
Doora-A,2016-12-02T22:05:40+00:00,http://kulkurit.fi/wp-content/uploads/2016/01/dooraa-1-700x700.png,http://kulkurit.fi/doora-a/
Cinda,2016-12-01T21:48:08+00:00,http://kulkurit.fi/wp-content/uploads/2016/11/cinda1.jpg,http://kulkurit.fi/cinda/
Pumpkin,2016-11-29T21:35:17+00:00,http://kulkurit.fi/wp-content/uploads/2016/05/pumpkin.jpg,http://kulkurit.fi/pumpkin/
Fiina-F-Team,2016-11-29T21:24:06+00:00,http://kulkurit.fi/wp-content/uploads/2016/08/fiina.jpg,http://kulkurit.fi/fiina-f-team/
Berla,2016-11-29T20:40:05+00:00,http://kulkurit.fi/wp-content/uploads/2015/11/12189889_520907994731630_8310738053391994980_n-e1448824378356.jpg,http://kulkurit.fi/berla/
Bisquit,2016-11-29T20:37:06+00:00,http://kulkurit.fi/wp-content/uploads/2015/11/12191594_520904601398636_1760868987251767960_n-e1448823654344.jpg,http://kulkurit.fi/bisquit/
Ara,2016-11-29T20:36:32+00:00,http://kulkurit.fi/wp-content/uploads/2015/09/yJqY5Et9jc0LJQ0m168LmwnYvEJArnOIKYQjfDiby-8-e1447868543899.jpg,http://kulkurit.fi/ara/
Denis-Ikea-Pennut,2016-11-28T23:39:14+00:00,http://kulkurit.fi/wp-content/uploads/2016/09/denis.jpg,http://kulkurit.fi/denis-ikea-pennut/
Hercule,2016-11-28T19:20:19+00:00,http://kulkurit.fi/wp-content/uploads/2016/06/IMG_7706-e1470655716354-700x700.jpg,http://kulkurit.fi/hercule/
Aldwin-A-Team,2016-11-28T18:47:15+00:00,http://kulkurit.fi/wp-content/uploads/2015/10/12270358_10207942768075448_391798717_n-e1447870203500-700x700.jpg,http://kulkurit.fi/aldwin-a-team/
Bojatu,2016-11-28T11:25:59+00:00,http://kulkurit.fi/wp-content/uploads/2016/08/bojatu4-e1471532077381-700x700.jpg,http://kulkurit.fi/bojatu/
Sisla,2016-11-28T00:27:05+00:00,http://kulkurit.fi/wp-content/uploads/2016/11/Sisla3-–-Kopio.jpg,http://kulkurit.fi/sisla/
Frami,2016-11-27T14:02:04+00:00,http://kulkurit.fi/wp-content/uploads/2016/11/Framart.jpg,http://kulkurit.fi/frami/
Statler,2016-11-26T23:04:00+00:00,http://kulkurit.fi/wp-content/uploads/2016/10/tyyppi.png,http://kulkurit.fi/statler/
Ailee,2016-11-26T22:36:32+00:00,http://kulkurit.fi/wp-content/uploads/2015/11/aileeee-700x700.png,http://kulkurit.fi/ailee/
Dulcinea-Oanas-Stars,2016-11-26T12:10:50+00:00,http://kulkurit.fi/wp-content/uploads/2016/03/Dulcinea3-–-kopio.jpe,http://kulkurit.fi/dulcinea-oanas-stars/
Mirabela,2016-11-26T11:45:48+00:00,http://kulkurit.fi/wp-content/uploads/2016/03/Mirabelamaa1-e1459007604456.jpg,http://kulkurit.fi/mirabela/
Roni,2016-11-23T14:43:34+00:00,http://kulkurit.fi/wp-content/uploads/2016/08/DSC_0397-–-kopio.jpg,http://kulkurit.fi/roni/
Rami,2016-11-23T14:25:19+00:00,http://kulkurit.fi/wp-content/uploads/2016/08/DSC_0374-–-kopio.jpg,http://kulkurit.fi/rami/
Rina,2016-11-23T13:55:26+00:00,http://kulkurit.fi/wp-content/uploads/2016/08/DSC_0408-–-kopio.jpg,http://kulkurit.fi/rina/
Mariana-O,2016-11-23T00:30:04+00:00,http://kulkurit.fi/wp-content/uploads/2016/11/Mariana-–-Kopio.jpg,http://kulkurit.fi/mariana-o/
Olivia,2016-11-22T14:35:33+00:00,http://kulkurit.fi/wp-content/uploads/2016/07/DSC_0284-–-kopio.jpg,http://kulkurit.fi/olivia/
Fex-F-Team,2016-11-22T13:06:28+00:00,http://kulkurit.fi/wp-content/uploads/2016/08/fex.jpg,http://kulkurit.fi/fex-f-team/
Jones,2016-11-22T10:51:25+00:00,http://kulkurit.fi/wp-content/uploads/2015/09/sytKkTnOXl9OLZZtiv-hFvi5r95p4rIAzL-HmX5RHV0-e1448803892615.jpg,http://kulkurit.fi/jones/
Lady-Senna,2016-11-21T20:01:37+00:00,http://kulkurit.fi/wp-content/uploads/2016/03/Profiili.jpg,http://kulkurit.fi/lady-senna/
Petru,2016-11-21T19:38:09+00:00,http://kulkurit.fi/wp-content/uploads/2016/07/profiili-6.jpg,http://kulkurit.fi/petru/
Nodi,2016-11-21T11:53:34+00:00,http://kulkurit.fi/wp-content/uploads/2016/07/DSC_0671-–-kopio.jpg,http://kulkurit.fi/nodi/
Botic,2016-11-21T11:45:27+00:00,http://kulkurit.fi/wp-content/uploads/2016/09/botic.jpg,http://kulkurit.fi/botic/
Bax,2016-11-21T11:32:42+00:00,http://kulkurit.fi/wp-content/uploads/2016/05/bax.jpg,http://kulkurit.fi/bax/
Olina-Olgan-Pentu,2016-11-20T21:25:23+00:00,http://kulkurit.fi/wp-content/uploads/2016/06/DSC_0179-1.jpg,http://kulkurit.fi/olina-olgan-pentu/
Nimo,2016-11-20T21:03:30+00:00,http://kulkurit.fi/wp-content/uploads/2016/03/MG_3589-e1457463949687-700x700.jpg,http://kulkurit.fi/nimo/
Clementine,2016-11-20T00:22:53+00:00,http://kulkurit.fi/wp-content/uploads/2016/08/kuva0-1.jpg,http://kulkurit.fi/clementine/
Sonata,2016-11-19T18:09:06+00:00,http://kulkurit.fi/wp-content/uploads/2016/08/sonata00.jpg,http://kulkurit.fi/sonata/
Bedelia,2016-11-18T21:52:09+00:00,http://kulkurit.fi/wp-content/uploads/2016/11/Bedeliaart.jpg,http://kulkurit.fi/bedelia/
Pinky,2017-02-11T20:21:30+00:00,http://kulkurit.fi/wp-content/uploads/2017/02/Pinky-prof.jpg,http://kulkurit.fi/pinky/
Yina,2017-02-11T19:38:11+00:00,http://kulkurit.fi/wp-content/uploads/2016/04/Yina-3-e1459799496641.jpg,http://kulkurit.fi/yina/
Xara,2017-02-12T01:00:57+00:00,http://kulkurit.fi/wp-content/uploads/2017/02/proffa.jpg,http://kulkurit.fi/xara/
Xania-Lucky-Three,2017-02-12T00:59:06+00:00,http://kulkurit.fi/wp-content/uploads/2017/02/proffa-1.jpg,http://kulkurit.fi/xania-lucky-three/
Xenja-Lucky-Three,2017-02-12T00:56:39+00:00,http://kulkurit.fi/wp-content/uploads/2017/02/proffa-2.jpg,http://kulkurit.fi/xenja-lucky-three/
